/* Please check lower_case_table_names value is set to zero in 'my.cnf' file. to prevent errors due to table/view name casing */
create database `AreaAcademicaBn`; use `AreaAcademicaBn`; CREATE TABLE `AcademicAward` ( `idAcademicAward` INT NOT NULL, `date` DATE NOT NULL, `nameAcademicAward` VARCHAR(255), `description` VARCHAR(255), `recipients` VARCHAR(255), `idstudent` INT NOT NULL, `status` TINYINT(1) NOT NULL); INSERT INTO `AcademicAward` VALUES ( '1', '2023-01-10 00:00:00', 'Excellence in Mathematics', 'Awarded for outstanding performance in mathematics', 'John Doe', '1', 'True'); INSERT INTO `AcademicAward` VALUES ( '2', '2023-02-05 00:00:00', 'Creative Writing Achievement', 'Recognized for exceptional writing skills', 'Jane Smith', '2', 'True'); INSERT INTO `AcademicAward` VALUES ( '3', '2023-03-20 00:00:00', 'Science Fair Winner', 'First place in the school science fair', 'Robert Johnson', '3', 'True'); INSERT INTO `AcademicAward` VALUES ( '4', '2023-04-15 00:00:00', 'Leadership Award', 'Acknowledged for exemplary leadership qualities', 'Emily Davis', '4', 'True'); INSERT INTO `AcademicAward` VALUES ( '5', '2023-05-25 00:00:00', 'Outstanding Achievement in Business Studies', 'Top performer in business studies', 'Michael Brown', '5', 'True'); CREATE TABLE `AcademicDiploma` ( `idAcademicDiploma` INT NOT NULL, `title` VARCHAR(255), `date` DATE , `type` VARCHAR(255), `status` TINYINT(1) NOT NULL, `idstudent` INT NOT NULL); INSERT INTO `AcademicDiploma` VALUES ( '1', 'Bachelor of Science in Computer Science', '2023-05-15 00:00:00', 'Undergraduate', 'True', '1'); INSERT INTO `AcademicDiploma` VALUES ( '2', 'Bachelor of Arts in English Literature', '2023-06-10 00:00:00', 'Undergraduate', 'True', '2'); INSERT INTO `AcademicDiploma` VALUES ( '3', 'Master of Business Administration', '2023-07-20 00:00:00', 'Graduate', 'True', '3'); INSERT INTO `AcademicDiploma` VALUES ( '4', 'Bachelor of Engineering', '2023-08-25 00:00:00', 'Undergraduate', 'True', '4'); INSERT INTO `AcademicDiploma` VALUES ( '5', 'Master of Science in Biology', '2023-09-15 00:00:00', 'Graduate', 'True', '5'); CREATE TABLE `Activity` ( `idActivity` INT NOT NULL, `activityName` VARCHAR(255), `description` VARCHAR(255), `status` TINYINT(1) NOT NULL); INSERT INTO `Activity` VALUES ( '1', 'Workshop on Leadership', 'Develop leadership skills in a one-day workshop', 'True'); INSERT INTO `Activity` VALUES ( '2', 'Sports Day', 'Annual sports event with various sports activities', 'True'); INSERT INTO `Activity` VALUES ( '3', 'Community Service', 'Volunteer for community service projects', 'True'); INSERT INTO `Activity` VALUES ( '4', 'Debate Club Meeting', 'Discuss and debate on current topics', 'True'); INSERT INTO `Activity` VALUES ( '5', 'Coding Competition', 'Organize and participate in coding competitions', 'True'); CREATE TABLE `Application` ( `idApplication` INT NOT NULL, `ApplicantFirstName` VARCHAR(255), `ApplicantLastName` VARCHAR(255), `Gender` VARCHAR(255), `DateOfBirth` DATE NOT NULL, `TemporalID` VARCHAR(255), `SchoolOfOrigin` VARCHAR(255), `ApplicationDate` DATE NOT NULL, `Grade` VARCHAR(255), `PreferredCareer` VARCHAR(255), `SecondPreferredCareer` VARCHAR(255), `ThirdPreferredCareer` VARCHAR(255), `idStudent` INT , `status` TINYINT(1) NOT NULL); INSERT INTO `Application` VALUES ( '1', 'John', 'Doe', 'M', '2005-05-15 00:00:00', 'TMPID123', 'High School A', '2023-12-01 00:00:00', '10th', 'Computer Science', 'Engineering', 'Business Administration', '', 'True'); INSERT INTO `Application` VALUES ( '2', 'Jane', 'Smith', 'F', '2006-02-28 00:00:00', 'TMPID456', 'High School B', '2023-11-20 00:00:00', '11th', 'Biology', 'Psychology', 'Medicine', '', 'True'); INSERT INTO `Application` VALUES ( '3', 'Robert', 'Johnson', 'M', '2004-09-10 00:00:00', 'TMPID789', 'High School C', '2023-12-05 00:00:00', '12th', 'Electrical Engineering', 'Physics', 'Mathematics', '', 'True'); INSERT INTO `Application` VALUES ( '4', 'Emily', 'Davis', 'F', '2005-11-22 00:00:00', 'TMPID012', 'High School D', '2023-11-15 00:00:00', '10th', 'Art History', 'Graphic Design', 'Film Production', '', 'True'); INSERT INTO `Application` VALUES ( '5', 'Michael', 'Brown', 'M', '2006-07-03 00:00:00', 'TMPID345', 'High School E', '2023-12-10 00:00:00', '11th', 'Business Administration', 'Marketing', 'Finance', '', 'True'); CREATE TABLE `CandidateStudent` ( `idCandidateStudent` INT NOT NULL, `contactInfo` VARCHAR(255), `gender` VARCHAR(255), `address` VARCHAR(255), `nationality` VARCHAR(255), `name` VARCHAR(255), `idStudent` INT NOT NULL, `idApplication` INT NOT NULL, `status` TINYINT(1) NOT NULL); INSERT INTO `CandidateStudent` VALUES ( '6', 'Email: candidate@email.com, Phone: 1234567890', 'F', '123 Main St', 'Country A', 'Candidate A', '1', '1', 'True'); INSERT INTO `CandidateStudent` VALUES ( '7', 'Email: another_candidate@email.com, Phone: 9876543210', 'M', '456 Oak St', 'Country B', 'Candidate B', '2', '2', 'True'); INSERT INTO `CandidateStudent` VALUES ( '8', 'Email: third_candidate@email.com, Phone: 2345678901', 'F', '789 Pine St', 'Country C', 'Candidate C', '3', '3', 'True'); INSERT INTO `CandidateStudent` VALUES ( '9', 'Email: fourth_candidate@email.com, Phone: 3456789012', 'M', '101 Cedar St', 'Country D', 'Candidate D', '4', '4', 'True'); INSERT INTO `CandidateStudent` VALUES ( '10', 'Email: fifth_candidate@email.com, Phone: 4567890123', 'F', '202 Maple St', 'Country E', 'Candidate E', '5', '5', 'True'); CREATE TABLE `Career` ( `idCareer` INT NOT NULL, `careerName` VARCHAR(255), `semester` INT NOT NULL, `description` VARCHAR(255), `status` TINYINT(1) NOT NULL); INSERT INTO `Career` VALUES ( '1', 'Computer Science', '8', 'Bachelor of Science in Computer Science', 'True'); INSERT INTO `Career` VALUES ( '2', 'Business Administration', '6', 'Bachelor of Business Administration', 'True'); INSERT INTO `Career` VALUES ( '3', 'Engineering', '10', 'Bachelor of Engineering', 'True'); INSERT INTO `Career` VALUES ( '4', 'Psychology', '8', 'Bachelor of Arts in Psychology', 'True'); INSERT INTO `Career` VALUES ( '5', 'Biology', '8', 'Bachelor of Science in Biology', 'True'); CREATE TABLE `CareerPlan` ( `idCareerPlan` INT NOT NULL, `idCareer` INT NOT NULL, `idPlan` INT NOT NULL, `status` TINYINT(1) NOT NULL); INSERT INTO `CareerPlan` VALUES ( '1', '1', '1', 'True'); INSERT INTO `CareerPlan` VALUES ( '2', '2', '2', 'True'); INSERT INTO `CareerPlan` VALUES ( '3', '3', '3', 'True'); INSERT INTO `CareerPlan` VALUES ( '4', '4', '4', 'True'); INSERT INTO `CareerPlan` VALUES ( '5', '5', '5', 'True'); CREATE TABLE `Class` ( `idClass` INT NOT NULL, `idGroup` INT NOT NULL, `idEmployee` INT NOT NULL, `idSubject` INT NOT NULL, `idClassroom` INT NOT NULL, `status` TINYINT(1) NOT NULL); INSERT INTO `Class` VALUES ( '1', '1', '1', '1', '1', 'True'); INSERT INTO `Class` VALUES ( '2', '2', '2', '2', '2', 'True'); INSERT INTO `Class` VALUES ( '3', '3', '3', '3', '3', 'True'); INSERT INTO `Class` VALUES ( '4', '4', '4', '4', '4', 'True'); INSERT INTO `Class` VALUES ( '5', '5', '5', '5', '5', 'True'); CREATE TABLE `Classroom` ( `idClassroom` INT NOT NULL, `name` VARCHAR(255), `roomNumber` VARCHAR(255), `capacity` INT NOT NULL, `status` TINYINT(1) NOT NULL); INSERT INTO `Classroom` VALUES ( '1', 'Room A101', 'A101', '30', 'True'); INSERT INTO `Classroom` VALUES ( '2', 'Room B202', 'B202', '25', 'True'); INSERT INTO `Classroom` VALUES ( '3', 'Room C303', 'C303', '40', 'True'); INSERT INTO `Classroom` VALUES ( '4', 'Room D404', 'D404', '35', 'True'); INSERT INTO `Classroom` VALUES ( '5', 'Room E505', 'E505', '50', 'True'); CREATE TABLE `Conference` ( `idConference` INT NOT NULL, `nameConference` VARCHAR(255), `startDate` DATETIME NOT NULL, `endDate` DATETIME NOT NULL, `location` VARCHAR(255), `idDepartment` INT NOT NULL); INSERT INTO `Conference` VALUES ( '4', 'Tech Summit 2023', '2023-04-01 09:00:00', '2023-04-03 17:00:00', 'Conference Center A', '2'); INSERT INTO `Conference` VALUES ( '5', 'Literary Symposium', '2023-05-15 10:00:00', '2023-05-17 18:00:00', 'Conference Center B', '2'); INSERT INTO `Conference` VALUES ( '6', 'Business Leadership Forum', '2023-06-20 08:30:00', '2023-06-22 16:30:00', 'Conference Center C', '3'); INSERT INTO `Conference` VALUES ( '7', 'Engineering Innovations Conference', '2023-07-10 09:30:00', '2023-07-12 17:30:00', 'Conference Center D', '4'); INSERT INTO `Conference` VALUES ( '8', 'Marketing Expo', '2023-08-15 08:00:00', '2023-08-17 17:00:00', 'Conference Center E', '5'); CREATE TABLE `Contract` ( `idContract` INT NOT NULL, `startDate` DATE NOT NULL, `endDate` DATE NOT NULL, `salary` DECIMAL NOT NULL, `contractType` VARCHAR(255), `status` TINYINT(1) NOT NULL); INSERT INTO `Contract` VALUES ( '1', '2023-01-01 00:00:00', '2023-12-31 00:00:00', '60000.00', 'Full-time', 'True'); INSERT INTO `Contract` VALUES ( '2', '2023-02-15 00:00:00', '2023-08-15 00:00:00', '45000.50', 'Part-time', 'True'); INSERT INTO `Contract` VALUES ( '3', '2023-03-10 00:00:00', '2023-09-10 00:00:00', '70000.75', 'Full-time', 'True'); INSERT INTO `Contract` VALUES ( '4', '2023-04-05 00:00:00', '2023-10-05 00:00:00', '55000.25', 'Contract', 'True'); INSERT INTO `Contract` VALUES ( '5', '2023-05-20 00:00:00', '2023-11-20 00:00:00', '80000.80', 'Full-time', 'True'); CREATE TABLE `Course` ( `idCourse` INT NOT NULL, `courseName` VARCHAR(255), `credits` INT NOT NULL, `description` VARCHAR(255), `enrollmentCapacity` INT NOT NULL, `idStudent` INT NOT NULL, `idEmployee` INT NOT NULL); INSERT INTO `Course` VALUES ( '1', 'Introduction to Computer Science', '3', 'Fundamentals of computer science', '30', '1', '1'); INSERT INTO `Course` VALUES ( '2', 'Literature and Composition', '4', 'Study of literature and writing', '25', '2', '2'); INSERT INTO `Course` VALUES ( '3', 'Business Ethics', '3', 'Ethical principles in business', '40', '3', '3'); INSERT INTO `Course` VALUES ( '4', 'Physics for Engineers', '4', 'Physics principles for engineering students', '35', '4', '4'); INSERT INTO `Course` VALUES ( '5', 'Marketing Strategies', '3', 'Strategies for effective marketing', '50', '5', '5'); CREATE TABLE `DegreeRequirements` ( `idDegreeRequirements` INT NOT NULL, `semester` INT NOT NULL, `tipo` VARCHAR(255), `status` TINYINT(1) NOT NULL, `idSubject` INT NOT NULL, `idCareer` INT NOT NULL); INSERT INTO `DegreeRequirements` VALUES ( '1', '1', 'Core', 'True', '1', '1'); INSERT INTO `DegreeRequirements` VALUES ( '2', '1', 'Elective', 'True', '2', '1'); INSERT INTO `DegreeRequirements` VALUES ( '3', '2', 'Core', 'True', '3', '1'); INSERT INTO `DegreeRequirements` VALUES ( '4', '2', 'Elective', 'True', '4', '1'); INSERT INTO `DegreeRequirements` VALUES ( '5', '3', 'Core', 'True', '5', '1'); CREATE TABLE `Department` ( `idDepartment` INT NOT NULL, `name` VARCHAR(255), `description` VARCHAR(255), `director` VARCHAR(255), `foundingDate` DATE NOT NULL, `phone` VARCHAR(255), `email` VARCHAR(255), `location` VARCHAR(255), `openingHour` TIME NOT NULL, `closingHour` TIME NOT NULL, `idEmployee` INT NOT NULL, `status` TINYINT(1) NOT NULL); INSERT INTO `Department` VALUES ( '2', 'Computer Science Department', 'Department focused on computer science studies', 'Dr. Smith', '2000-01-01 00:00:00', '1234567890', 'csdept@email.com', 'Building A, Floor 2', '2023-12-12 08:00:00', '2023-12-12 17:00:00', '1', 'True'); INSERT INTO `Department` VALUES ( '3', 'English Department', 'Department specializing in English literature and language', 'Prof. Johnson', '1995-05-15 00:00:00', '9876543210', 'englishdept@email.com', 'Building B, Floor 1', '2023-12-12 09:00:00', '2023-12-12 18:00:00', '2', 'True'); INSERT INTO `Department` VALUES ( '4', 'Business Department', 'Department offering business and management courses', 'Dr. Williams', '2005-08-10 00:00:00', '2345678901', 'businessdept@email.com', 'Building C, Floor 3', '2023-12-12 07:30:00', '2023-12-12 16:30:00', '3', 'True'); INSERT INTO `Department` VALUES ( '5', 'Engineering Department', 'Department for engineering studies', 'Prof. Davis', '2010-03-20 00:00:00', '3456789012', 'engrdept@email.com', 'Building D, Floor 4', '2023-12-12 08:30:00', '2023-12-12 17:30:00', '4', 'True'); INSERT INTO `Department` VALUES ( '6', 'Marketing Department', 'Department specializing in marketing studies', 'Dr. Brown', '2015-07-01 00:00:00', '4567890123', 'marketingdept@email.com', 'Building E, Floor 2', '2023-12-12 08:00:00', '2023-12-12 17:00:00', '5', 'True'); CREATE TABLE `DetailClass` ( `idDetailClass` INT NOT NULL, `startTime` TIME , `endTime` TIME , `days` VARCHAR(255), `status` TINYINT(1) NOT NULL, `idClass` INT NOT NULL); INSERT INTO `DetailClass` VALUES ( '1', '2023-12-12 08:00:00', '2023-12-12 09:30:00', 'Monday, Wednesday, Friday', 'True', '1'); INSERT INTO `DetailClass` VALUES ( '2', '2023-12-12 10:00:00', '2023-12-12 11:30:00', 'Tuesday, Thursday', 'True', '2'); INSERT INTO `DetailClass` VALUES ( '3', '2023-12-12 13:00:00', '2023-12-12 14:30:00', 'Monday, Wednesday', 'True', '3'); INSERT INTO `DetailClass` VALUES ( '4', '2023-12-12 15:00:00', '2023-12-12 16:30:00', 'Tuesday, Thursday', 'True', '4'); INSERT INTO `DetailClass` VALUES ( '5', '2023-12-12 09:30:00', '2023-12-12 11:00:00', 'Monday, Wednesday, Friday', 'True', '5'); CREATE TABLE `DropOut` ( `idDropOut` INT NOT NULL, `dropoutDate` DATE NOT NULL, `Reason` VARCHAR(255), `idStudent` INT NOT NULL, `status` TINYINT(1) NOT NULL); INSERT INTO `DropOut` VALUES ( '1', '2023-02-15 00:00:00', 'Personal reasons', '1', 'True'); INSERT INTO `DropOut` VALUES ( '2', '2023-04-20 00:00:00', 'Job opportunity', '2', 'True'); INSERT INTO `DropOut` VALUES ( '3', '2023-06-05 00:00:00', 'Health issues', '3', 'True'); INSERT INTO `DropOut` VALUES ( '4', '2023-08-10 00:00:00', 'Financial constraints', '4', 'True'); INSERT INTO `DropOut` VALUES ( '5', '2023-10-01 00:00:00', 'Family responsibilities', '5', 'True'); CREATE TABLE `Employee` ( `idEmployee` INT NOT NULL, `name` VARCHAR(255), `lastName` VARCHAR(255), `dateOfBirth` DATE NOT NULL, `gender` VARCHAR(255), `address` VARCHAR(255), `phoneNumber` VARCHAR(255), `email` VARCHAR(255), `maritalStatus` VARCHAR(255), `hireDate` DATE NOT NULL, `hasPreviousExperiencie` TINYINT(1) NOT NULL, `status` TINYINT(1) NOT NULL, `idContract` INT NOT NULL, `idPosition` INT NOT NULL, `idApplication` INT NOT NULL); INSERT INTO `Employee` VALUES ( '1', 'John', 'Doe', '1985-05-15 00:00:00', 'M', '123 Main St', '1234567890', 'john.doe@email.com', 'Single', '2020-01-15 00:00:00', 'True', 'True', '1', '1', '1'); INSERT INTO `Employee` VALUES ( '2', 'Jane', 'Smith', '1990-02-28 00:00:00', 'F', '456 Oak St', '9876543210', 'jane.smith@email.com', 'Married', '2018-06-20 00:00:00', 'False', 'True', '2', '2', '2'); INSERT INTO `Employee` VALUES ( '3', 'Robert', 'Johnson', '1982-09-10 00:00:00', 'M', '789 Pine St', '2345678901', 'robert.johnson@email.com', 'Divorced', '2015-03-10 00:00:00', 'True', 'True', '3', '3', '3'); INSERT INTO `Employee` VALUES ( '4', 'Emily', 'Davis', '1988-11-22 00:00:00', 'F', '101 Cedar St', '3456789012', 'emily.davis@email.com', 'Single', '2019-07-05 00:00:00', 'True', 'True', '4', '4', '4'); INSERT INTO `Employee` VALUES ( '5', 'Michael', 'Brown', '1992-07-03 00:00:00', 'M', '202 Maple St', '4567890123', 'michael.brown@email.com', 'Married', '2021-02-15 00:00:00', 'False', 'True', '5', '5', '5'); CREATE TABLE `EmployeeEvent` ( `idEmployeeEvent` INT NOT NULL, `idEmployee` INT NOT NULL, `idEvent` INT NOT NULL, `status` TINYINT(1) NOT NULL); INSERT INTO `EmployeeEvent` VALUES ( '1', '1', '1', 'True'); INSERT INTO `EmployeeEvent` VALUES ( '2', '2', '2', 'True'); INSERT INTO `EmployeeEvent` VALUES ( '3', '3', '3', 'True'); INSERT INTO `EmployeeEvent` VALUES ( '4', '4', '4', 'True'); INSERT INTO `EmployeeEvent` VALUES ( '5', '5', '5', 'True'); CREATE TABLE `Event` ( `idEvent` INT NOT NULL, `name` VARCHAR(255), `startDate` DATETIME NOT NULL, `endDate` DATETIME NOT NULL, `description` VARCHAR(255), `location` VARCHAR(255), `status` TINYINT(1) NOT NULL); INSERT INTO `Event` VALUES ( '1', 'Conference 2023', '2023-05-15 09:00:00', '2023-05-17 17:00:00', 'Annual tech conference', 'Convention Center', 'True'); INSERT INTO `Event` VALUES ( '2', 'Workshop on Marketing', '2023-06-10 13:30:00', '2023-06-10 16:30:00', 'Hands-on marketing strategies', 'Training Room', 'True'); INSERT INTO `Event` VALUES ( '3', 'Career Fair', '2023-07-20 10:00:00', '2023-07-20 16:00:00', 'Connect with potential employers', 'Exhibition Hall', 'True'); INSERT INTO `Event` VALUES ( '4', 'Music Festival', '2023-08-25 18:00:00', '2023-08-27 23:59:59', 'Three days of live music', 'Outdoor Amphitheater', 'True'); INSERT INTO `Event` VALUES ( '5', 'Art Exhibition', '2023-09-15 12:00:00', '2023-09-17 18:00:00', 'Showcasing local artists', 'Art Gallery', 'True'); CREATE TABLE `EventStudent` ( `idEventStudent` INT NOT NULL, `idEvent` INT NOT NULL, `idStudent` INT NOT NULL, `status` TINYINT(1) NOT NULL); INSERT INTO `EventStudent` VALUES ( '1', '1', '1', 'True'); INSERT INTO `EventStudent` VALUES ( '2', '2', '2', 'True'); INSERT INTO `EventStudent` VALUES ( '3', '3', '3', 'True'); INSERT INTO `EventStudent` VALUES ( '4', '4', '4', 'True'); INSERT INTO `EventStudent` VALUES ( '5', '5', '5', 'True'); CREATE TABLE `ExternalPayment` ( `idExternalPayment` INT NOT NULL, `paymentAmount` DECIMAL NOT NULL, `payee` VARCHAR(255), `referenceNumber` VARCHAR(255), `paymentmethod` VARCHAR(255), `status` TINYINT(1) NOT NULL); INSERT INTO `ExternalPayment` VALUES ( '1', '1500.50', 'John Doe', 'REF12345', 'Credit Card', 'True'); INSERT INTO `ExternalPayment` VALUES ( '2', '2000.75', 'Jane Smith', 'REF67890', 'PayPal', 'True'); INSERT INTO `ExternalPayment` VALUES ( '3', '1200.25', 'Robert Johnson', 'REF54321', 'Bank Transfer', 'True'); INSERT INTO `ExternalPayment` VALUES ( '4', '1800.80', 'Emily Davis', 'REF98765', 'Cash', 'True'); INSERT INTO `ExternalPayment` VALUES ( '5', '2500.00', 'Michael Brown', 'REF23456', 'Cheque', 'True'); CREATE TABLE `Groupp` ( `idGroup` INT NOT NULL, `groupName` VARCHAR(255), `numberOfStudents` INT NOT NULL, `status` TINYINT(1) NOT NULL); INSERT INTO `Groupp` VALUES ( '1', 'Group A', '25', 'True'); INSERT INTO `Groupp` VALUES ( '2', 'Group B', '30', 'True'); INSERT INTO `Groupp` VALUES ( '3', 'Group C', '22', 'True'); INSERT INTO `Groupp` VALUES ( '4', 'Group D', '28', 'True'); INSERT INTO `Groupp` VALUES ( '5', 'Group E', '35', 'True'); CREATE TABLE `Kardex` ( `idKardex` INT NOT NULL, `grade` VARCHAR(255), `name` VARCHAR(255), `date` DATETIME NOT NULL, `status` TINYINT(1) NOT NULL, `idStudent` INT NOT NULL, `idClass` INT NOT NULL); INSERT INTO `Kardex` VALUES ( '1', 'A', 'Mathematics Exam', '2023-01-15 09:00:00', 'True', '1', '1'); INSERT INTO `Kardex` VALUES ( '2', 'B+', 'Literature Essay', '2023-02-05 10:30:00', 'True', '2', '2'); INSERT INTO `Kardex` VALUES ( '3', 'A-', 'Business Ethics Project', '2023-03-20 14:00:00', 'True', '3', '3'); INSERT INTO `Kardex` VALUES ( '4', 'C', 'Physics Lab Report', '2023-04-15 15:30:00', 'True', '4', '4'); INSERT INTO `Kardex` VALUES ( '5', 'A+', 'Marketing Presentation', '2023-05-25 08:00:00', 'True', '5', '5'); CREATE TABLE `PlanSubject` ( `idPlanSubject` INT NOT NULL, `idPlan` INT NOT NULL, `idSubject` INT NOT NULL, `status` TINYINT(1) NOT NULL); INSERT INTO `PlanSubject` VALUES ( '1', '1', '1', 'True'); INSERT INTO `PlanSubject` VALUES ( '2', '2', '2', 'True'); INSERT INTO `PlanSubject` VALUES ( '3', '3', '3', 'True'); INSERT INTO `PlanSubject` VALUES ( '4', '4', '4', 'True'); INSERT INTO `PlanSubject` VALUES ( '5', '5', '5', 'True'); CREATE TABLE `Position` ( `idPosition` INT NOT NULL, `name` VARCHAR(255), `description` VARCHAR(255), `contractType` VARCHAR(255), `salary` DECIMAL NOT NULL, `status` TINYINT(1) NOT NULL); INSERT INTO `Position` VALUES ( '1', 'Hola', 'Si', 'A veces', '10.00', 'True'); INSERT INTO `Position` VALUES ( '2', 'Software Engineer', 'Develop software applications', 'Full-time', '75000.00', 'True'); INSERT INTO `Position` VALUES ( '3', 'Marketing Specialist', 'Plan and execute marketing strategies', 'Part-time', '45000.50', 'True'); INSERT INTO `Position` VALUES ( '4', 'HR Manager', 'Manage human resources activities', 'Full-time', '80000.75', 'True'); INSERT INTO `Position` VALUES ( '5', 'Data Analyst', 'Analyze and interpret data', 'Contract', '60000.25', 'True'); INSERT INTO `Position` VALUES ( '6', 'Graphic Designer', 'Create visual concepts', 'Full-time', '55000.80', 'True'); CREATE TABLE `Service` ( `idService` INT NOT NULL, `serviceCost` DECIMAL NOT NULL, `startDate` DATE NOT NULL, `endDate` DATE NOT NULL, `serviceDescription` VARCHAR(255), `ServiceName` VARCHAR(255), `idExternalPayment` INT NOT NULL, `status` TINYINT(1) NOT NULL); INSERT INTO `Service` VALUES ( '6', '500.00', '2023-01-15 00:00:00', '2023-02-15 00:00:00', 'Monthly cleaning service', 'Cleaning Service A', '1', 'True'); INSERT INTO `Service` VALUES ( '7', '1200.50', '2023-03-01 00:00:00', '2023-04-01 00:00:00', 'Security service for events', 'Event Security', '2', 'True'); INSERT INTO `Service` VALUES ( '8', '800.75', '2023-05-10 00:00:00', '2023-06-10 00:00:00', 'IT support service', 'IT Support', '3', 'True'); INSERT INTO `Service` VALUES ( '9', '1500.25', '2023-07-01 00:00:00', '2023-08-01 00:00:00', 'Maintenance and repair service', 'Facility Maintenance', '4', 'True'); INSERT INTO `Service` VALUES ( '10', '1000.80', '2023-09-15 00:00:00', '2023-10-15 00:00:00', 'Consulting service for business strategy', 'Business Consulting', '5', 'True'); CREATE TABLE `ServicePayment` ( `idServicePayment` INT NOT NULL, `amount` DECIMAL NOT NULL, `paymentDate` DATE NOT NULL, `paymentMethod` VARCHAR(255), `bank` VARCHAR(255), `idApplication` INT NOT NULL, `Status` TINYINT(1) NOT NULL, `idService` INT NOT NULL); INSERT INTO `ServicePayment` VALUES ( '2', '500.00', '2023-01-15 00:00:00', 'Credit Card', 'Bank A', '1', 'True', '6'); INSERT INTO `ServicePayment` VALUES ( '3', '1200.50', '2023-02-05 00:00:00', 'PayPal', 'Bank A', '2', 'True', '7'); INSERT INTO `ServicePayment` VALUES ( '4', '800.75', '2023-03-20 00:00:00', 'Bank Transfer', 'Bank B', '3', 'True', '8'); INSERT INTO `ServicePayment` VALUES ( '5', '1500.25', '2023-04-15 00:00:00', 'Cash', 'Bank A', '4', 'True', '9'); INSERT INTO `ServicePayment` VALUES ( '6', '1000.80', '2023-05-25 00:00:00', 'Cheque', 'Bank C', '5', 'True', '10'); CREATE TABLE `Student` ( `idStudent` INT NOT NULL, `name` VARCHAR(255), `lastName` VARCHAR(255), `middleName` VARCHAR(255), `dateOfBirth` DATE NOT NULL, `gender` VARCHAR(255), `address` VARCHAR(255), `phoneNumber` VARCHAR(255), `email` VARCHAR(255), `status` TINYINT(1) NOT NULL, `idPlan` INT NOT NULL); INSERT INTO `Student` VALUES ( '1', 'John', 'Doe', 'A', '2004-05-15 00:00:00', 'M', '123 Main St', '1234567890', 'john.doe@email.com', 'True', '1'); INSERT INTO `Student` VALUES ( '2', 'Jane', 'Smith', 'B', '2005-02-28 00:00:00', 'F', '456 Oak St', '9876543210', 'jane.smith@email.com', 'True', '2'); INSERT INTO `Student` VALUES ( '3', 'Robert', 'Johnson', 'C', '2003-09-10 00:00:00', 'M', '789 Pine St', '2345678901', 'robert.johnson@email.com', 'True', '3'); INSERT INTO `Student` VALUES ( '4', 'Emily', 'Davis', 'D', '2006-11-22 00:00:00', 'F', '101 Cedar St', '3456789012', 'emily.davis@email.com', 'True', '4'); INSERT INTO `Student` VALUES ( '5', 'Michael', 'Brown', 'E', '2005-07-03 00:00:00', 'M', '202 Maple St', '4567890123', 'michael.brown@email.com', 'True', '5'); CREATE TABLE `StudentActivity` ( `idStudentActivity` INT NOT NULL, `idStudent` INT NOT NULL, `idActivity` INT NOT NULL, `status` TINYINT(1) NOT NULL); INSERT INTO `StudentActivity` VALUES ( '1', '1', '1', 'True'); INSERT INTO `StudentActivity` VALUES ( '2', '2', '2', 'True'); INSERT INTO `StudentActivity` VALUES ( '3', '3', '3', 'True'); INSERT INTO `StudentActivity` VALUES ( '4', '4', '4', 'True'); INSERT INTO `StudentActivity` VALUES ( '5', '5', '5', 'True'); CREATE TABLE `StudyPlan` ( `idPlan` INT NOT NULL, `description` VARCHAR(255), `status` TINYINT(1) NOT NULL, `idClass` INT NOT NULL); INSERT INTO `StudyPlan` VALUES ( '1', 'Study plan for Class 1', 'True', '1'); INSERT INTO `StudyPlan` VALUES ( '2', 'Study plan for Class 2', 'True', '2'); INSERT INTO `StudyPlan` VALUES ( '3', 'Study plan for Class 3', 'True', '3'); INSERT INTO `StudyPlan` VALUES ( '4', 'Study plan for Class 4', 'True', '4'); INSERT INTO `StudyPlan` VALUES ( '5', 'Study plan for Class 5', 'True', '5'); CREATE TABLE `Subject` ( `idSubject` INT NOT NULL, `name` VARCHAR(255), `credits` INT NOT NULL, `code` VARCHAR(255), `status` TINYINT(1) NOT NULL); INSERT INTO `Subject` VALUES ( '1', 'Mathematics', '3', 'MATH101', 'True'); INSERT INTO `Subject` VALUES ( '2', 'History', '4', 'HIST201', 'True'); INSERT INTO `Subject` VALUES ( '3', 'Computer Science', '5', 'CS301', 'True'); INSERT INTO `Subject` VALUES ( '4', 'English Literature', '3', 'ENGL102', 'True'); INSERT INTO `Subject` VALUES ( '5', 'Physics', '4', 'PHYS202', 'True'); CREATE TABLE `sysdiagrams` ( `name` VARCHAR(128) NOT NULL, `principal_id` INT NOT NULL, `diagram_id` INT NOT NULL, `version` INT , `definition` VARCHAR(255)); CREATE TABLE `TeacherEvaluation` ( `idTeacherEvaluation` INT NOT NULL, `date` DATE NOT NULL, `calification` DECIMAL , `status` TINYINT(1) NOT NULL, `idStudent` INT NOT NULL, `idSubject` INT NOT NULL); INSERT INTO `TeacherEvaluation` VALUES ( '1', '2023-01-10 00:00:00', '0.45', 'True', '1', '1'); INSERT INTO `TeacherEvaluation` VALUES ( '2', '2023-02-05 00:00:00', '0.38', 'True', '2', '1'); INSERT INTO `TeacherEvaluation` VALUES ( '3', '2023-03-20 00:00:00', '0.42', 'True', '3', '2'); INSERT INTO `TeacherEvaluation` VALUES ( '4', '2023-04-15 00:00:00', '0.35', 'True', '4', '2'); INSERT INTO `TeacherEvaluation` VALUES ( '5', '2023-05-25 00:00:00', '0.47', 'True', '5', '3'); ALTER TABLE `AcademicAward` ADD CONSTRAINT PK_AcademicAward PRIMARY KEY (`idAcademicAward`); ALTER TABLE `AcademicDiploma` ADD CONSTRAINT PK_AcademicDiploma PRIMARY KEY (`idAcademicDiploma`); ALTER TABLE `Activity` ADD CONSTRAINT PK_Activity PRIMARY KEY (`idActivity`); ALTER TABLE `Application` ADD CONSTRAINT PK_Application PRIMARY KEY (`idApplication`); ALTER TABLE `CandidateStudent` ADD CONSTRAINT PK_CandidateStudent PRIMARY KEY (`idCandidateStudent`); ALTER TABLE `Career` ADD CONSTRAINT PK_Career PRIMARY KEY (`idCareer`); ALTER TABLE `Class` ADD CONSTRAINT PK_Class PRIMARY KEY (`idClass`); ALTER TABLE `Classroom` ADD CONSTRAINT PK_Classroom PRIMARY KEY (`idClassroom`); ALTER TABLE `Conference` ADD CONSTRAINT PK_Conference PRIMARY KEY (`idConference`); ALTER TABLE `Contract` ADD CONSTRAINT PK_Contract PRIMARY KEY (`idContract`); ALTER TABLE `Course` ADD CONSTRAINT PK_Course PRIMARY KEY (`idCourse`); ALTER TABLE `DegreeRequirements` ADD CONSTRAINT PK_DegreeRequirements PRIMARY KEY (`idDegreeRequirements`); ALTER TABLE `Department` ADD CONSTRAINT PK_Department PRIMARY KEY (`idDepartment`); ALTER TABLE `DetailClass` ADD CONSTRAINT PK_DetailClass PRIMARY KEY (`idDetailClass`); ALTER TABLE `DropOut` ADD CONSTRAINT PK_DropOut PRIMARY KEY (`idDropOut`); ALTER TABLE `Employee` ADD CONSTRAINT PK_Employee PRIMARY KEY (`idEmployee`); ALTER TABLE `Event` ADD CONSTRAINT PK_Event PRIMARY KEY (`idEvent`); ALTER TABLE `ExternalPayment` ADD CONSTRAINT PK_ExternalPayment PRIMARY KEY (`idExternalPayment`); ALTER TABLE `Groupp` ADD CONSTRAINT PK_Group PRIMARY KEY (`idGroup`); ALTER TABLE `Kardex` ADD CONSTRAINT PK_Kardex PRIMARY KEY (`idKardex`); ALTER TABLE `Position` ADD CONSTRAINT PK_Position PRIMARY KEY (`idPosition`); ALTER TABLE `Service` ADD CONSTRAINT PK_Service PRIMARY KEY (`idService`); ALTER TABLE `ServicePayment` ADD CONSTRAINT PK_ServicePayment PRIMARY KEY (`idServicePayment`); ALTER TABLE `Student` ADD CONSTRAINT PK_Student PRIMARY KEY (`idStudent`); ALTER TABLE `StudyPlan` ADD CONSTRAINT PK_Plan PRIMARY KEY (`idPlan`); ALTER TABLE `Subject` ADD CONSTRAINT PK_Subject PRIMARY KEY (`idSubject`); ALTER TABLE `sysdiagrams` ADD CONSTRAINT UK_principal_name UNIQUE (`diagram_id`,`principal_id`,`name`); ALTER TABLE `TeacherEvaluation` ADD CONSTRAINT PK_TeacherEvaluation PRIMARY KEY (`idTeacherEvaluation`); ALTER TABLE `AcademicAward` ADD INDEX (`idAcademicAward`); ALTER TABLE `AcademicAward` MODIFY COLUMN `idAcademicAward` INT NOT NULL auto_increment; ALTER TABLE `AcademicDiploma` ADD INDEX (`idAcademicDiploma`); ALTER TABLE `AcademicDiploma` MODIFY COLUMN `idAcademicDiploma` INT NOT NULL auto_increment; ALTER TABLE `Activity` ADD INDEX (`idActivity`); ALTER TABLE `Activity` MODIFY COLUMN `idActivity` INT NOT NULL auto_increment; ALTER TABLE `Application` ADD INDEX (`idApplication`); ALTER TABLE `Application` MODIFY COLUMN `idApplication` INT NOT NULL auto_increment; ALTER TABLE `CandidateStudent` ADD INDEX (`idCandidateStudent`); ALTER TABLE `CandidateStudent` MODIFY COLUMN `idCandidateStudent` INT NOT NULL auto_increment; ALTER TABLE `Career` ADD INDEX (`idCareer`); ALTER TABLE `Career` MODIFY COLUMN `idCareer` INT NOT NULL auto_increment; ALTER TABLE `CareerPlan` ADD INDEX (`idCareerPlan`); ALTER TABLE `CareerPlan` MODIFY COLUMN `idCareerPlan` INT NOT NULL auto_increment; ALTER TABLE `Class` ADD INDEX (`idClass`); ALTER TABLE `Class` MODIFY COLUMN `idClass` INT NOT NULL auto_increment; ALTER TABLE `Classroom` ADD INDEX (`idClassroom`); ALTER TABLE `Classroom` MODIFY COLUMN `idClassroom` INT NOT NULL auto_increment; ALTER TABLE `Conference` ADD INDEX (`idConference`); ALTER TABLE `Conference` MODIFY COLUMN `idConference` INT NOT NULL auto_increment; ALTER TABLE `Contract` ADD INDEX (`idContract`); ALTER TABLE `Contract` MODIFY COLUMN `idContract` INT NOT NULL auto_increment; ALTER TABLE `Course` ADD INDEX (`idCourse`); ALTER TABLE `Course` MODIFY COLUMN `idCourse` INT NOT NULL auto_increment; ALTER TABLE `DegreeRequirements` ADD INDEX (`idDegreeRequirements`); ALTER TABLE `DegreeRequirements` MODIFY COLUMN `idDegreeRequirements` INT NOT NULL auto_increment; ALTER TABLE `Department` ADD INDEX (`idDepartment`); ALTER TABLE `Department` MODIFY COLUMN `idDepartment` INT NOT NULL auto_increment; ALTER TABLE `DetailClass` ADD INDEX (`idDetailClass`); ALTER TABLE `DetailClass` MODIFY COLUMN `idDetailClass` INT NOT NULL auto_increment; ALTER TABLE `DropOut` ADD INDEX (`idDropOut`); ALTER TABLE `DropOut` MODIFY COLUMN `idDropOut` INT NOT NULL auto_increment; ALTER TABLE `Employee` ADD INDEX (`idEmployee`); ALTER TABLE `Employee` MODIFY COLUMN `idEmployee` INT NOT NULL auto_increment; ALTER TABLE `EmployeeEvent` ADD INDEX (`idEmployeeEvent`); ALTER TABLE `EmployeeEvent` MODIFY COLUMN `idEmployeeEvent` INT NOT NULL auto_increment; ALTER TABLE `Event` ADD INDEX (`idEvent`); ALTER TABLE `Event` MODIFY COLUMN `idEvent` INT NOT NULL auto_increment; ALTER TABLE `EventStudent` ADD INDEX (`idEventStudent`); ALTER TABLE `EventStudent` MODIFY COLUMN `idEventStudent` INT NOT NULL auto_increment; ALTER TABLE `ExternalPayment` ADD INDEX (`idExternalPayment`); ALTER TABLE `ExternalPayment` MODIFY COLUMN `idExternalPayment` INT NOT NULL auto_increment; ALTER TABLE `Groupp` ADD INDEX (`idGroup`); ALTER TABLE `Groupp` MODIFY COLUMN `idGroup` INT NOT NULL auto_increment; ALTER TABLE `Kardex` ADD INDEX (`idKardex`); ALTER TABLE `Kardex` MODIFY COLUMN `idKardex` INT NOT NULL auto_increment; ALTER TABLE `PlanSubject` ADD INDEX (`idPlanSubject`); ALTER TABLE `PlanSubject` MODIFY COLUMN `idPlanSubject` INT NOT NULL auto_increment; ALTER TABLE `Position` ADD INDEX (`idPosition`); ALTER TABLE `Position` MODIFY COLUMN `idPosition` INT NOT NULL auto_increment; ALTER TABLE `Service` ADD INDEX (`idService`); ALTER TABLE `Service` MODIFY COLUMN `idService` INT NOT NULL auto_increment; ALTER TABLE `ServicePayment` ADD INDEX (`idServicePayment`); ALTER TABLE `ServicePayment` MODIFY COLUMN `idServicePayment` INT NOT NULL auto_increment; ALTER TABLE `Student` ADD INDEX (`idStudent`); ALTER TABLE `Student` MODIFY COLUMN `idStudent` INT NOT NULL auto_increment; ALTER TABLE `StudentActivity` ADD INDEX (`idStudentActivity`); ALTER TABLE `StudentActivity` MODIFY COLUMN `idStudentActivity` INT NOT NULL auto_increment; ALTER TABLE `StudyPlan` ADD INDEX (`idPlan`); ALTER TABLE `StudyPlan` MODIFY COLUMN `idPlan` INT NOT NULL auto_increment; ALTER TABLE `Subject` ADD INDEX (`idSubject`); ALTER TABLE `Subject` MODIFY COLUMN `idSubject` INT NOT NULL auto_increment; ALTER TABLE `sysdiagrams` ADD INDEX (`diagram_id`); ALTER TABLE `sysdiagrams` MODIFY COLUMN `diagram_id` INT NOT NULL auto_increment; ALTER TABLE `TeacherEvaluation` ADD INDEX (`idTeacherEvaluation`); ALTER TABLE `TeacherEvaluation` MODIFY COLUMN `idTeacherEvaluation` INT NOT NULL auto_increment; ALTER TABLE `Student` ADD INDEX (`idStudent`); ALTER TABLE `AcademicAward` ADD CONSTRAINT FK_AcademicAwardStudent FOREIGN KEY(`idstudent`) REFERENCES `Student` (`idStudent`); ALTER TABLE `Student` ADD INDEX (`idStudent`); ALTER TABLE `AcademicDiploma` ADD CONSTRAINT FK_AcademicDiplomaStudent FOREIGN KEY(`idstudent`) REFERENCES `Student` (`idStudent`); ALTER TABLE `Application` ADD INDEX (`idApplication`); ALTER TABLE `CandidateStudent` ADD CONSTRAINT FK_CandidateStudentApplication FOREIGN KEY(`idApplication`) REFERENCES `Application` (`idApplication`); ALTER TABLE `Career` ADD INDEX (`idCareer`); ALTER TABLE `CareerPlan` ADD CONSTRAINT FK_CareerPlanCareer FOREIGN KEY(`idCareer`) REFERENCES `Career` (`idCareer`); ALTER TABLE `Groupp` ADD INDEX (`idGroup`); ALTER TABLE `Class` ADD CONSTRAINT FK_ClassGroup FOREIGN KEY(`idGroup`) REFERENCES `Groupp` (`idGroup`); ALTER TABLE `Department` ADD INDEX (`idDepartment`); ALTER TABLE `Conference` ADD CONSTRAINT FK_ConferenceDepartment FOREIGN KEY(`idDepartment`) REFERENCES `Department` (`idDepartment`); ALTER TABLE `Student` ADD INDEX (`idStudent`); ALTER TABLE `Course` ADD CONSTRAINT FK_CourseStudent FOREIGN KEY(`idStudent`) REFERENCES `Student` (`idStudent`); ALTER TABLE `Career` ADD INDEX (`idCareer`); ALTER TABLE `DegreeRequirements` ADD CONSTRAINT FK_DegreeRequirementsCareer FOREIGN KEY(`idCareer`) REFERENCES `Career` (`idCareer`); ALTER TABLE `Employee` ADD INDEX (`idEmployee`); ALTER TABLE `Department` ADD CONSTRAINT FK_DepartmentEmployee FOREIGN KEY(`idEmployee`) REFERENCES `Employee` (`idEmployee`); ALTER TABLE `Class` ADD INDEX (`idClass`); ALTER TABLE `DetailClass` ADD CONSTRAINT FK_DetailClassClass FOREIGN KEY(`idClass`) REFERENCES `Class` (`idClass`); ALTER TABLE `Student` ADD INDEX (`idStudent`); ALTER TABLE `DropOut` ADD CONSTRAINT FK_DropOutnStudent FOREIGN KEY(`idStudent`) REFERENCES `Student` (`idStudent`); ALTER TABLE `Application` ADD INDEX (`idApplication`); ALTER TABLE `Employee` ADD CONSTRAINT FK_EmployeeApplication FOREIGN KEY(`idApplication`) REFERENCES `Application` (`idApplication`); ALTER TABLE `Event` ADD INDEX (`idEvent`); ALTER TABLE `EmployeeEvent` ADD CONSTRAINT FK_EmployeeEventEvent FOREIGN KEY(`idEvent`) REFERENCES `Event` (`idEvent`); ALTER TABLE `Student` ADD INDEX (`idStudent`); ALTER TABLE `EventStudent` ADD CONSTRAINT FK_EventStudentStudent FOREIGN KEY(`idStudent`) REFERENCES `Student` (`idStudent`); ALTER TABLE `Class` ADD INDEX (`idClass`); ALTER TABLE `Kardex` ADD CONSTRAINT FK_KardexClass FOREIGN KEY(`idClass`) REFERENCES `Class` (`idClass`); ALTER TABLE `StudyPlan` ADD INDEX (`idPlan`); ALTER TABLE `PlanSubject` ADD CONSTRAINT FK_PlanSubjectPlan FOREIGN KEY(`idPlan`) REFERENCES `StudyPlan` (`idPlan`); ALTER TABLE `ExternalPayment` ADD INDEX (`idExternalPayment`); ALTER TABLE `Service` ADD CONSTRAINT FK_ServiceExternalPayment FOREIGN KEY(`idExternalPayment`) REFERENCES `ExternalPayment` (`idExternalPayment`); ALTER TABLE `Service` ADD INDEX (`idService`); ALTER TABLE `ServicePayment` ADD CONSTRAINT FK_ServicePaymentService FOREIGN KEY(`idService`) REFERENCES `Service` (`idService`); ALTER TABLE `StudyPlan` ADD INDEX (`idPlan`); ALTER TABLE `Student` ADD CONSTRAINT FK_StudentStudyPlan FOREIGN KEY(`idPlan`) REFERENCES `StudyPlan` (`idPlan`); ALTER TABLE `Activity` ADD INDEX (`idActivity`); ALTER TABLE `StudentActivity` ADD CONSTRAINT FK_StudentActivityActivity FOREIGN KEY(`idActivity`) REFERENCES `Activity` (`idActivity`); ALTER TABLE `Class` ADD INDEX (`idClass`); ALTER TABLE `StudyPlan` ADD CONSTRAINT FK_StudyPlanClass FOREIGN KEY(`idClass`) REFERENCES `Class` (`idClass`); ALTER TABLE `Subject` ADD INDEX (`idSubject`); ALTER TABLE `TeacherEvaluation` ADD CONSTRAINT FK_TeacherEvaluationSubject FOREIGN KEY(`idSubject`) REFERENCES `Subject` (`idSubject`); 